insert into public.households (id, name)
values
  ('00000000-0000-4000-8000-000000000001', 'Yonkin-Lowery Household')
on conflict (id) do update
set name = excluded.name;

insert into public.meal_profiles (
  id,
  household_id,
  name,
  profile_type,
  color_label,
  sort_order
)
values
  (
    '00000000-0000-4000-8000-000000001001',
    '00000000-0000-4000-8000-000000000001',
    'Brianna',
    'adult',
    'sage',
    10
  ),
  (
    '00000000-0000-4000-8000-000000001002',
    '00000000-0000-4000-8000-000000000001',
    'Elaine',
    'adult',
    'coral',
    20
  ),
  (
    '00000000-0000-4000-8000-000000001003',
    '00000000-0000-4000-8000-000000000001',
    'Baby',
    'baby',
    'butter',
    30
  ),
  (
    '00000000-0000-4000-8000-000000001004',
    '00000000-0000-4000-8000-000000000001',
    'Shared/Family',
    'shared',
    'clay',
    40
  )
on conflict (id) do update
set
  name = excluded.name,
  profile_type = excluded.profile_type,
  color_label = excluded.color_label,
  sort_order = excluded.sort_order;

insert into public.grocery_categories (
  id,
  household_id,
  name,
  sort_order
)
values
  ('00000000-0000-4000-8000-000000002001', '00000000-0000-4000-8000-000000000001', 'Produce', 10),
  ('00000000-0000-4000-8000-000000002002', '00000000-0000-4000-8000-000000000001', 'Meat/Seafood', 20),
  ('00000000-0000-4000-8000-000000002003', '00000000-0000-4000-8000-000000000001', 'Dairy/Eggs', 30),
  ('00000000-0000-4000-8000-000000002004', '00000000-0000-4000-8000-000000000001', 'Bakery/Bread', 40),
  ('00000000-0000-4000-8000-000000002005', '00000000-0000-4000-8000-000000000001', 'Frozen', 50),
  ('00000000-0000-4000-8000-000000002006', '00000000-0000-4000-8000-000000000001', 'Pantry', 60),
  ('00000000-0000-4000-8000-000000002007', '00000000-0000-4000-8000-000000000001', 'Baby', 70),
  ('00000000-0000-4000-8000-000000002008', '00000000-0000-4000-8000-000000000001', 'Snacks', 80),
  ('00000000-0000-4000-8000-000000002009', '00000000-0000-4000-8000-000000000001', 'Drinks', 90),
  ('00000000-0000-4000-8000-000000002010', '00000000-0000-4000-8000-000000000001', 'Household', 100),
  ('00000000-0000-4000-8000-000000002011', '00000000-0000-4000-8000-000000000001', 'Other', 110)
on conflict (id) do update
set
  name = excluded.name,
  sort_order = excluded.sort_order;

insert into public.foods (
  id,
  household_id,
  name,
  default_grocery_category_id,
  default_unit
)
values
  ('00000000-0000-4000-8000-000000003001', '00000000-0000-4000-8000-000000000001', 'Tortillas', '00000000-0000-4000-8000-000000002004', 'count'),
  ('00000000-0000-4000-8000-000000003002', '00000000-0000-4000-8000-000000000001', 'Eggs', '00000000-0000-4000-8000-000000002003', 'count'),
  ('00000000-0000-4000-8000-000000003003', '00000000-0000-4000-8000-000000000001', 'Shredded cheese', '00000000-0000-4000-8000-000000002003', 'oz'),
  ('00000000-0000-4000-8000-000000003004', '00000000-0000-4000-8000-000000000001', 'Black beans', '00000000-0000-4000-8000-000000002006', 'can'),
  ('00000000-0000-4000-8000-000000003005', '00000000-0000-4000-8000-000000000001', 'Rice', '00000000-0000-4000-8000-000000002006', 'cup'),
  ('00000000-0000-4000-8000-000000003006', '00000000-0000-4000-8000-000000000001', 'Chicken', '00000000-0000-4000-8000-000000002002', 'lb'),
  ('00000000-0000-4000-8000-000000003007', '00000000-0000-4000-8000-000000000001', 'Ground turkey', '00000000-0000-4000-8000-000000002002', 'lb'),
  ('00000000-0000-4000-8000-000000003008', '00000000-0000-4000-8000-000000000001', 'Strawberries', '00000000-0000-4000-8000-000000002001', 'lb'),
  ('00000000-0000-4000-8000-000000003009', '00000000-0000-4000-8000-000000000001', 'Bananas', '00000000-0000-4000-8000-000000002001', 'count'),
  ('00000000-0000-4000-8000-000000003010', '00000000-0000-4000-8000-000000000001', 'Yogurt', '00000000-0000-4000-8000-000000002003', 'container'),
  ('00000000-0000-4000-8000-000000003011', '00000000-0000-4000-8000-000000000001', 'Baby yogurt', '00000000-0000-4000-8000-000000002007', 'container'),
  ('00000000-0000-4000-8000-000000003012', '00000000-0000-4000-8000-000000000001', 'Milk', '00000000-0000-4000-8000-000000002009', 'gallon'),
  ('00000000-0000-4000-8000-000000003013', '00000000-0000-4000-8000-000000000001', 'Crackers', '00000000-0000-4000-8000-000000002008', 'box'),
  ('00000000-0000-4000-8000-000000003014', '00000000-0000-4000-8000-000000000001', 'Salsa', '00000000-0000-4000-8000-000000002006', 'jar'),
  ('00000000-0000-4000-8000-000000003015', '00000000-0000-4000-8000-000000000001', 'Potatoes', '00000000-0000-4000-8000-000000002001', 'lb')
on conflict (id) do update
set
  name = excluded.name,
  default_grocery_category_id = excluded.default_grocery_category_id,
  default_unit = excluded.default_unit;

